{"mean": [54.97527925261339, 65.01158553573309, 29.925926904193002, 4.0055226912699435, 42.03196029913437], "std": [8.304306596282524, 4.59333314726464, 10.590454379098041, 1.074339720305043, 1.6924416369298227]}