{"mean": [26.08544158935547, 44.99850845336914, 10.697790145874023, 12.048308372497559, 38.0625114440918], "std": [18.822734832763672, 16.05307960510254, 8.540263175964355, 5.303848743438721, 4.135100841522217]}