{"mean": [8.008243560791016, 19.997146606445312, 2.055307149887085, 35.19668197631836, 30.058521270751953], "std": [3.294560432434082, 3.0941317081451416, 1.4069079160690308, 16.28963279724121, 6.571448802947998]}