{"mean": [54.9986572265625, 64.98806762695312, 29.84879493713379, 4.0024943351745605, 42.04328155517578], "std": [8.28035831451416, 4.628208637237549, 10.583745002746582, 1.0714958906173706, 1.6759898662567139]}